{"train_loss": [1.1063204407691956, 1.0997856259346008, 1.0868432819843292, 1.0843105167150497, 1.0661961287260056], "train_acc": [0.3046875, 0.328125, 0.48828125, 0.40234375, 0.41015625], "test_loss": [1.0983249346415203, 1.0697200695673625, 1.0806688070297241, 1.060732364654541, 1.0652918020884197], "test_acc": [0.30113636363636365, 0.5416666666666666, 0.49242424242424243, 0.5833333333333334, 0.5643939393939394]}