{"train_loss": [1.103629156947136, 1.072074107825756, 1.1431191563606262, 1.0853048413991928, 1.0971503555774689], "train_acc": [0.25, 0.42578125, 0.3046875, 0.42578125, 0.3046875], "test_loss": [1.1010227998097737, 1.1419524749120076, 1.162257432937622, 1.1023963689804077, 1.087559978167216], "test_acc": [0.2604166666666667, 0.2604166666666667, 0.2604166666666667, 0.2604166666666667, 0.2604166666666667]}