{"train_loss": [1.103629156947136, 1.0720741003751755, 1.1431191116571426, 1.0853035897016525, 1.0971567332744598], "train_acc": [0.25, 0.42578125, 0.3046875, 0.42578125, 0.3046875], "test_loss": [1.1010227998097737, 1.1419524749120076, 1.162257154782613, 1.102408766746521, 1.087547500928243], "test_acc": [0.2604166666666667, 0.2604166666666667, 0.2604166666666667, 0.2604166666666667, 0.2604166666666667]}